INSERT INTO VILLE VALUES ('Bourges')
INSERT INTO VILLE VALUES ('Blois')
INSERT INTO VILLE VALUES ('Paris')
INSERT INTO VILLE VALUES ('Caen')
INSERT INTO VILLE VALUES ('Lyon')
INSERT INTO VILLE VALUES ('Lille')
INSERT INTO VILLE VALUES ('Clermont-Ferrand')
INSERT INTO VILLE VALUES ('Grenoble')
INSERT INTO VILLE VALUES ('Marseille')
INSERT INTO VILLE VALUES ('Nice')
INSERT INTO VILLE VALUES ('Nimes')
INSERT INTO VILLE VALUES ('Montpellier')
INSERT INTO VILLE VALUES ('Cannes')
INSERT INTO VILLE VALUES ('Toulouse')
INSERT INTO VILLE VALUES ('Carcassonne')
INSERT INTO VILLE VALUES ('Pau')
INSERT INTO VILLE VALUES ('Bayonne')
INSERT INTO VILLE VALUES ('Bordeaux')
INSERT INTO VILLE VALUES ('La Rochelle')
INSERT INTO VILLE VALUES ('Rennes')
INSERT INTO VILLE VALUES ('Nantes')
INSERT INTO VILLE VALUES ('Tours')
INSERT INTO VILLE VALUES ('Brest')
INSERT INTO VILLE VALUES ('Strasbourg')
INSERT INTO VILLE VALUES ('Mulhouse')
INSERT INTO VILLE VALUES ('Poitiers')

INSERT INTO TYPEVEHICULE VALUES ('SUV')
INSERT INTO TYPEVEHICULE VALUES ('Break')
INSERT INTO TYPEVEHICULE VALUES ('Citadine')
INSERT INTO TYPEVEHICULE VALUES ('Urbaine')
INSERT INTO TYPEVEHICULE VALUES ('Compacte')
INSERT INTO TYPEVEHICULE VALUES ('Routiere')
INSERT INTO TYPEVEHICULE VALUES ('Fourgonnette')
INSERT INTO TYPEVEHICULE VALUES ('Minibus')
INSERT INTO TYPEVEHICULE VALUES ('Sportive')

INSERT INTO USER VALUES ('Lorin',TRUE,'2bbe9ed62b5b433a03c6e562b8ab1ec699588ab8132cced1f6fceaebf3baeeb3')
INSERT INTO USER VALUES ('Alexandre',TRUE,'f64b2fb8bed97af9867732a5ccdda1c61c67428d62d26a33349ecbb7e413ca9d')
INSERT INTO USER VALUES ('Morgane',FALSE,'')
INSERT INTO USER VALUES ('Arnaud',FALSE,'')
INSERT INTO USER VALUES ('Manu',FALSE,'')
INSERT INTO USER VALUES ('Julie',FALSE,'5fff111da73811ad3a2a31c5874bd00cfb5fa8b94f2bf51c5b79c9b3753173ac')
INSERT INTO USER VALUES ('Laurence',FALSE,'')
INSERT INTO USER VALUES ('Remi',FALSE,'')
INSERT INTO USER VALUES ('Eric',FALSE,'')

INSERT INTO VEHICULE (MODELE,OWNER_NAME,TYPE_GABARIT) VALUES ('Kangoo','Lorin','Break')
INSERT INTO VEHICULE (MODELE,OWNER_NAME,TYPE_GABARIT) VALUES ('Clio','Lorin','Citadine')
INSERT INTO VEHICULE (MODELE,OWNER_NAME,TYPE_GABARIT) VALUES ('Twingo','Morgane','Citadine')
INSERT INTO VEHICULE (MODELE,OWNER_NAME,TYPE_GABARIT) VALUES ('Porsche','Alexandre','Sportive')
INSERT INTO VEHICULE (MODELE,OWNER_NAME,TYPE_GABARIT) VALUES ('106','Alexandre','Urbaine')
INSERT INTO VEHICULE (MODELE,OWNER_NAME,TYPE_GABARIT) VALUES ('4L','Remi','Citadine')
INSERT INTO VEHICULE (MODELE,OWNER_NAME,TYPE_GABARIT) VALUES ('Tesla','Eric','Sportive')
INSERT INTO VEHICULE (MODELE,OWNER_NAME,TYPE_GABARIT) VALUES ('3008','Julie','Urbaine')

INSERT INTO OFFRE (DATETIME_FIELD,PLACES,ARRIVEE_NAME,CONDUCTEUR_NAME ,DEPART_NAME,VEHICULE_ID) VALUES ('2017-12-21 14:30:0.0',1,'Toulouse','Alexandre','Bourges',4)
INSERT INTO OFFRE (DATETIME_FIELD,PLACES,ARRIVEE_NAME,CONDUCTEUR_NAME ,DEPART_NAME,VEHICULE_ID) VALUES ('2017-12-22 13:00:0.0',2,'Caen','Morgane','Paris',3)
INSERT INTO OFFRE (DATETIME_FIELD,PLACES,ARRIVEE_NAME,CONDUCTEUR_NAME ,DEPART_NAME,VEHICULE_ID) VALUES ('2017-12-22 12:15:0.0',4,'Caen','Remi','Paris',6)
INSERT INTO OFFRE (DATETIME_FIELD,PLACES,ARRIVEE_NAME,CONDUCTEUR_NAME ,DEPART_NAME,VEHICULE_ID) VALUES ('2017-12-23 10:00:0.0',3,'Mulhouse','Lorin','Marseille',1)
INSERT INTO OFFRE (DATETIME_FIELD,PLACES,ARRIVEE_NAME,CONDUCTEUR_NAME ,DEPART_NAME,VEHICULE_ID) VALUES ('2017-12-23 12:20:0.0',4,'Tours','Eric','Blois',7)
INSERT INTO OFFRE (DATETIME_FIELD,PLACES,ARRIVEE_NAME,CONDUCTEUR_NAME ,DEPART_NAME,VEHICULE_ID) VALUES ('2017-12-22 08:30:0.0',5,'Caen','Julie','Paris',8)
INSERT INTO OFFRE (DATETIME_FIELD,PLACES,ARRIVEE_NAME,CONDUCTEUR_NAME ,DEPART_NAME,VEHICULE_ID) VALUES ('2017-12-20 18:40:0.0',4,'Brest','Remi','Poitiers',6)
INSERT INTO OFFRE (DATETIME_FIELD,PLACES,ARRIVEE_NAME,CONDUCTEUR_NAME ,DEPART_NAME,VEHICULE_ID) VALUES ('2017-12-19 15:00:0.0',3,'Bayonne','Alexandre','Bordeaux',5)
INSERT INTO OFFRE (DATETIME_FIELD,PLACES,ARRIVEE_NAME,CONDUCTEUR_NAME ,DEPART_NAME,VEHICULE_ID) VALUES ('2017-12-21 12:00:0.0',2,'Carcassonne','Lorin','Pau',2)
INSERT INTO OFFRE (DATETIME_FIELD,PLACES,ARRIVEE_NAME,CONDUCTEUR_NAME ,DEPART_NAME,VEHICULE_ID) VALUES ('2017-12-31 23:59:0.0',2,'Nice','Morgane','Nimes',3)

INSERT INTO RESERVATION (PLACES,VALIDATION,OFFRE_ID,PASSAGER_NAME) VALUES (1,TRUE,2,'Lorin')
INSERT INTO RESERVATION (PLACES,VALIDATION,OFFRE_ID,PASSAGER_NAME) VALUES (3,FALSE,6,'Lorin')
INSERT INTO RESERVATION (PLACES,VALIDATION,OFFRE_ID,PASSAGER_NAME) VALUES (1,TRUE,9,'Julie')
INSERT INTO RESERVATION (PLACES,VALIDATION,OFFRE_ID,PASSAGER_NAME) VALUES (1,FALSE,9,'Alexandre')








